"File","Travis Job Id","Cycles","Wealth","Success","Decisions(JSON)"
2017-251-01,508.1,4,1.4179115720513418,14.038119560849587,"{""long"":30,""short"":21,""hold"":1,""correct"":33,""wrong"":18,""reward"":{""min"":-0.8020742037930888,""max"":0.6673770995419747,""wrong"":-4.30760941843677,""correct"":5.72552099048811,""ratio"":0.8320640364518418,""odds"":1.3291643773417832}}"
2017-251-01,508.1,164,1.5205524134766655,15.054321439835821,"{""long"":19,""short"":17,""hold"":16,""correct"":26,""wrong"":10,""reward"":{""min"":-0.8020742037930888,""max"":0.6673770995419747,""wrong"":-2.8144316639768445,""correct"":4.33498407745351,""ratio"":0.8320640364518418,""odds"":1.540269793343675}}"
2017-251-01,508.1,289,1.755631749836871,17.38173867456183,"{""long"":14,""short"":30,""hold"":8,""correct"":29,""wrong"":15,""reward"":{""min"":-0.8020742037930888,""max"":0.6673770995419747,""wrong"":-3.5877125552988045,""correct"":5.343344305135675,""ratio"":0.8320640364518418,""odds"":1.4893457106099326}}"
2017-251-01,508.1,463,2.491127568537599,24.663559658989136,"{""long"":19,""short"":27,""hold"":6,""correct"":30,""wrong"":16,""reward"":{""min"":-0.42633925710776804,""max"":0.8020742037930888,""wrong"":-3.588184628839634,""correct"":6.079312197377233,""ratio"":1.8813050649716365,""odds"":1.6942584694542857}}"
2017-251-01,516.1,1524,3.562680475042164,35.27253423384526,"{""long"":24,""short"":22,""hold"":6,""correct"":32,""wrong"":14,""reward"":{""min"":-0.3997986380782209,""max"":0.8020742037930888,""wrong"":-2.850432311220366,""correct"":6.4131127862625315,""ratio"":2.0061954379048244,""odds"":2.249873733544952}}"
