"File","Travis Job Id","Cycles","Wealth","Success","Decisions(JSON)"
2017-250-07,469.1,12,0.2749834572233834,5.743159792361614,"{""long"":32,""short"":20,""hold"":0,""correct"":26,""wrong"":26,""reward"":{""min"":-0.2777779723903574,""max"":0.298101916306318,""wrong"":-2.2565166845715066,""correct"":2.5315001417948904,""ratio"":1.073166146836869,""odds"":1.1218619206777993}}"
2017-250-07,469.1,83,0.3190541731952074,6.6635975763129505,"{""long"":21,""short"":25,""hold"":6,""correct"":22,""wrong"":24,""reward"":{""min"":-0.29046998247812433,""max"":0.298101916306318,""wrong"":-2.0901293562273646,""correct"":2.4091835294225716,""ratio"":1.0262744320878954,""odds"":1.1526480513010413}}"
2017-250-07,469.1,180,0.4904261005403798,10.242781475614862,"{""long"":25,""short"":16,""hold"":11,""correct"":21,""wrong"":20,""reward"":{""min"":-0.29046998247812433,""max"":0.298101916306318,""wrong"":-1.7061849927873043,""correct"":2.196611093327684,""ratio"":1.0262744320878954,""odds"":1.287440167750624}}"
2017-250-07,469.1,233,0.9934119790676241,20.74787986535795,"{""long"":31,""short"":10,""hold"":11,""correct"":22,""wrong"":19,""reward"":{""min"":-0.29046998247812433,""max"":0.298101916306318,""wrong"":-1.4943336729680887,""correct"":2.4877456520357133,""ratio"":1.0262744320878954,""odds"":1.6647859156479297}}"
