"File","Travis Job Id","Cycles","Wealth","Success","Decisions(JSON)"
2017-251-01,509.1,1,1.4748331073307337,20.49820543196161,"{""long"":23,""short"":10,""hold"":19,""correct"":21,""wrong"":12,""reward"":{""min"":-0.25636021536710557,""max"":0.5132254178421882,""wrong"":-1.39764000040578,""correct"":2.8724731077365124,""ratio"":2.0019698341540786,""odds"":2.0552310372503224}}"
2017-251-01,509.1,2,1.8638876043447306,25.90554200745727,"{""long"":7,""short"":20,""hold"":25,""correct"":16,""wrong"":11,""reward"":{""min"":-0.25242443908282325,""max"":0.5132254178421882,""wrong"":-1.0226741678036586,""correct"":2.886561772148388,""ratio"":2.0331843450142055,""odds"":2.8225625160237486}}"
2017-251-01,509.1,3,1.9248179525991291,26.752392264175533,"{""long"":10,""short"":13,""hold"":29,""correct"":15,""wrong"":8,""reward"":{""min"":-0.15014042545204753,""max"":0.5132254178421882,""wrong"":-0.6009402963993795,""correct"":2.525758248998507,""ratio"":3.4183026742927693,""odds"":4.203010289261599}}"
2017-251-01,509.1,813,2.590345185566188,36.00232968022276,"{""long"":11,""short"":21,""hold"":20,""correct"":21,""wrong"":11,""reward"":{""min"":-0.21886446043714214,""max"":0.5132254178421882,""wrong"":-1.0494614868685934,""correct"":3.6398066724347804,""ratio"":2.344946350892755,""odds"":3.468261311137121}}"
