"File","Travis Job Id","Cycles","Wealth","Success","Decisions(JSON)"
2017-249-10,229.1,1,1.2661887260685318,16.853528981768928,"{""long"":13,""short"":3,""hold"":36,""correct"":12,""wrong"":4,""reward"":{""min"":-0.13746356845060242,""max"":0.41799749797662245,""ratio"":3.0407874805522015}}"
2017-249-10,229.1,6,1.2712131798419941,16.920406671915114,"{""long"":28,""short"":7,""hold"":17,""correct"":22,""wrong"":13,""reward"":{""min"":-0.32809640793880035,""max"":0.4497591420749181,""ratio"":1.3708139778196273}}"
2017-249-10,229.1,18,1.8429360564447634,24.530289679073995,"{""long"":46,""short"":3,""hold"":3,""correct"":30,""wrong"":19,""reward"":{""min"":-0.32809640793880035,""max"":0.4497591420749181,""ratio"":1.3708139778196273}}"
