"File","Travis Job Id","Cycles","Wealth","Success","Decisions(JSON)"
2017-249-10,232.1,1,0.9265941173433984,12.163063184257778,"{""long"":7,""short"":29,""hold"":16,""correct"":19,""wrong"":17,""reward"":{""min"":-0.3917870765892781,""max"":0.5434100873216143,""ratio"":1.3870036042339577}}"
2017-249-10,232.1,193,1.0126113474678924,13.292180006128692,"{""long"":24,""short"":15,""hold"":13,""correct"":22,""wrong"":17,""reward"":{""min"":-0.5434100873216143,""max"":0.3917870765892781,""ratio"":0.7209786600030503}}"
2017-249-10,232.1,368,1.0370181573482433,13.612559301814267,"{""long"":25,""short"":16,""hold"":11,""correct"":23,""wrong"":18,""reward"":{""min"":-0.5434100873216143,""max"":0.366731562658158,""ratio"":0.6748707306221018}}"
2017-249-10,232.1,442,1.5509060384086497,20.358178176324813,"{""long"":34,""short"":12,""hold"":6,""correct"":25,""wrong"":21,""reward"":{""min"":-0.5434100873216143,""max"":0.3917870765892781,""ratio"":0.7209786600030503}}"
