"File","Travis Job Id","Cycles","Wealth","Success","Decisions(JSON)"
2017-258-09,1713.1,86,0.2525030282381167,4.145486408577731,"{""long"":37,""short"":9,""hold"":6,""correct"":24,""wrong"":22,""reward"":{""min"":-0.305050268637694,""max"":0.2695348849882269,""wrong"":-2.684804134930715,""correct"":2.9373071631688314,""ratio"":0.8835753077416613,""odds"":1.0940489568504903}}"
2017-258-09,1713.1,440,0.40818334749675556,6.701379112411479,"{""long"":18,""short"":4,""hold"":30,""correct"":13,""wrong"":9,""reward"":{""min"":-0.305050268637694,""max"":0.2018992046486246,""wrong"":-1.106550550531506,""correct"":1.5147338980282608,""ratio"":0.6618555215514949,""odds"":1.3688790785931046}}"
2017-258-09,1713.1,445,0.46617870114378585,7.6535219519726025,"{""long"":27,""short"":11,""hold"":14,""correct"":20,""wrong"":18,""reward"":{""min"":-0.305050268637694,""max"":0.24590983498650068,""wrong"":-2.124143423688615,""correct"":2.5903221248324004,""ratio"":0.8061288917551028,""odds"":1.2194666781653836}}"
2017-258-09,1713.1,455,0.9477416988389424,15.559616685761885,"{""long"":25,""short"":19,""hold"":8,""correct"":26,""wrong"":18,""reward"":{""min"":-0.305050268637694,""max"":0.2695348849882269,""wrong"":-2.2366087982390415,""correct"":3.1843504970779843,""ratio"":0.8835753077416613,""odds"":1.4237404858574876}}"
2017-258-09,1713.1,544,0.9944799642295055,16.326945478961008,"{""long"":27,""short"":18,""hold"":7,""correct"":27,""wrong"":18,""reward"":{""min"":-0.305050268637694,""max"":0.2695348849882269,""wrong"":-2.188839637484099,""correct"":3.1833196017136043,""ratio"":0.8835753077416613,""odds"":1.4543411710930922}}"
2017-258-09,1713.1,674,1.3762894162776844,22.59532928875686,"{""long"":23,""short"":23,""hold"":6,""correct"":28,""wrong"":18,""reward"":{""min"":-0.305050268637694,""max"":0.24590983498650068,""wrong"":-2.0836691294527605,""correct"":3.459958545730445,""ratio"":0.8061288917551028,""odds"":1.6605124570037388}}"
