"File","Travis Job Id","Cycles","Wealth","Success","Decisions(JSON)"
2017-251-01,510.1,3,0.7482098095683906,11.494674927217286,"{""long"":12,""short"":6,""hold"":34,""correct"":10,""wrong"":8,""reward"":{""min"":-0.22957152890927598,""max"":0.4191873367261251,""wrong"":-1.1561477614274152,""correct"":1.9043575709958056,""ratio"":1.8259552424368055,""odds"":1.6471575991676253}}"
2017-251-01,510.1,4,2.4328970392564377,37.37636187070861,"{""long"":50,""short"":2,""hold"":0,""correct"":31,""wrong"":21,""reward"":{""min"":-0.33264698111216745,""max"":0.4191873367261251,""wrong"":-2.0381446476686067,""correct"":4.4710416869250444,""ratio"":1.2601567443198185,""odds"":2.1936822256650825}}"
2017-251-01,510.1,116,2.866722786610583,44.04118486169505,"{""long"":37,""short"":14,""hold"":1,""correct"":31,""wrong"":20,""reward"":{""min"":-0.2606840755676173,""max"":0.4191873367261251,""wrong"":-1.8034365649257689,""correct"":4.670159351536352,""ratio"":1.6080281690140854,""odds"":2.589588922817798}}"
