"File","Travis Job Id","Cycles","Wealth","Success","Decisions(JSON)"
2017-250-07,473.1,3,1.6050013074909177,25.030841075180422,"{""long"":52,""short"":0,""hold"":0,""correct"":29,""wrong"":23,""reward"":{""min"":-0.32768520252070366,""max"":0.4129347179702703,""wrong"":-2.403546843161012,""correct"":4.008548150651929,""ratio"":1.2601567443198185,""odds"":1.6677636893400871}}"
2017-250-07,473.1,7,1.6762570422575687,26.14211180394233,"{""long"":51,""short"":1,""hold"":0,""correct"":30,""wrong"":22,""reward"":{""min"":-0.32768520252070366,""max"":0.4129347179702703,""wrong"":-2.367918975777687,""correct"":4.044176018035255,""ratio"":1.2601567443198185,""odds"":1.7079030403508808}}"
