"File","Travis Job Id","Cycles","Wealth","Success","Decisions(JSON)"
2017-251-01,507.1,1,0.4541812537402453,5.753663156084983,"{""long"":52,""short"":0,""hold"":0,""correct"":29,""wrong"":23,""reward"":{""min"":-0.523342455311836,""max"":0.47256024355891857,""wrong"":-3.7197971333206215,""correct"":4.173978387060867,""ratio"":0.9029656179477,""odds"":1.1220983933967397}}"
2017-251-01,507.1,12,1.0537201250423278,13.348747026333019,"{""long"":0,""short"":23,""hold"":29,""correct"":13,""wrong"":10,""reward"":{""min"":-0.2578903805172474,""max"":0.34046147358758866,""wrong"":-1.05433728973709,""correct"":2.1080574147794175,""ratio"":1.3201790346143563,""odds"":1.999414642068748}}"
2017-251-01,507.1,231,1.5397135687048626,19.50541366079348,"{""long"":36,""short"":0,""hold"":16,""correct"":21,""wrong"":15,""reward"":{""min"":-0.34046147358758866,""max"":0.47256024355891857,""wrong"":-1.9168736510541393,""correct"":3.456587219759003,""ratio"":1.3879991723567089,""odds"":1.8032420748535691}}"
