"File","Travis Job Id","Cycles","Wealth","Success","Decisions(JSON)"
2017-250-07,473.1,3,1.6050013074909177,25.030841075180422,"{""long"":52,""short"":0,""hold"":0,""correct"":29,""wrong"":23,""reward"":{""min"":-0.32768520252070366,""max"":0.4129347179702703,""wrong"":-2.403546843161012,""correct"":4.008548150651929,""ratio"":1.2601567443198185,""odds"":1.6677636893400871}}"
2017-250-07,473.1,7,1.6762570422575687,26.14211180394233,"{""long"":51,""short"":1,""hold"":0,""correct"":30,""wrong"":22,""reward"":{""min"":-0.32768520252070366,""max"":0.4129347179702703,""wrong"":-2.367918975777687,""correct"":4.044176018035255,""ratio"":1.2601567443198185,""odds"":1.7079030403508808}}"
2017-250-08,479.1,1,0.3786440286793157,6.368267277788648,"{""long"":4,""short"":17,""hold"":31,""correct"":14,""wrong"":7,""reward"":{""min"":-0.264961275685252,""max"":0.30385522736882087,""wrong"":-0.9169579758076288,""correct"":1.2956020044869447,""ratio"":1.1467910795001268,""odds"":1.412934985756373}}"
2017-250-08,479.1,624,0.7005287465423861,11.78192168860123,"{""long"":11,""short"":0,""hold"":41,""correct"":9,""wrong"":2,""reward"":{""min"":-0.19214787896328572,""max"":0.1817405160768334,""wrong"":-0.21908457756360733,""correct"":0.919613324105993,""ratio"":0.9458367016976498,""odds"":4.197526518446966}}"
