"File","Travis Job Id","Cycles","Wealth","Success","Decisions(JSON)"
2017-249-10,233.1,1,0.7112001033503094,12.622103689923565,"{""long"":21,""short"":0,""hold"":31,""correct"":11,""wrong"":10,""reward"":{""min"":-0.17874220944120264,""max"":0.2510918658217314,""ratio"":1.4047709637623573}}"
2017-249-10,233.1,6,0.8862343157904865,15.728543028580141,"{""long"":44,""short"":7,""hold"":1,""correct"":29,""wrong"":22,""reward"":{""min"":-0.28794991185940433,""max"":0.36286202345592566,""ratio"":1.2601567443198185}}"
2017-249-10,233.1,14,1.2828330346928598,22.767223323612225,"{""long"":34,""short"":16,""hold"":2,""correct"":29,""wrong"":21,""reward"":{""min"":-0.230874322624767,""max"":0.36286202345592566,""ratio"":1.5716863587540406}}"
2017-249-10,233.1,71,1.318682201867297,23.40346044329424,"{""long"":29,""short"":19,""hold"":4,""correct"":28,""wrong"":20,""reward"":{""min"":-0.230874322624767,""max"":0.36286202345592566,""ratio"":1.5716863587540406}}"
2017-249-10,233.1,104,1.5775507288844528,27.997758693077945,"{""long"":35,""short"":16,""hold"":1,""correct"":30,""wrong"":21,""reward"":{""min"":-0.230874322624767,""max"":0.36286202345592566,""ratio"":1.5716863587540406}}"
2017-249-10,233.1,138,1.5862605179696585,28.152336652829284,"{""long"":33,""short"":15,""hold"":4,""correct"":28,""wrong"":20,""reward"":{""min"":-0.230874322624767,""max"":0.36286202345592566,""ratio"":1.5716863587540406}}"
2017-249-10,233.1,147,1.8022168122064421,31.985045233027133,"{""long"":33,""short"":19,""hold"":0,""correct"":28,""wrong"":24,""reward"":{""min"":-0.230874322624767,""max"":0.36286202345592566,""ratio"":1.5716863587540406}}"
