"File","Travis Job Id","Cycles","Wealth","Success","Decisions(JSON)"
2017-249-10,230.1,4,0.5546030328215102,9.102344531737481,"{""long"":25,""short"":12,""hold"":15,""correct"":21,""wrong"":16,""reward"":{""min"":-0.35348509473507606,""max"":0.3696362544171985,""ratio"":1.045691204304462}}"
2017-249-10,230.1,13,0.6861655070774824,11.261595197990339,"{""long"":11,""short"":18,""hold"":23,""correct"":16,""wrong"":13,""reward"":{""min"":-0.22174599417598945,""max"":0.37934823708110715,""ratio"":1.7107332129753656}}"
2017-249-10,230.1,17,0.8223185466553169,13.496187874081222,"{""long"":9,""short"":19,""hold"":24,""correct"":15,""wrong"":13,""reward"":{""min"":-0.25697914562682644,""max"":0.37934823708110715,""ratio"":1.4761829647919353}}"
2017-249-10,230.1,18,0.9195787784686729,15.092457794744888,"{""long"":9,""short"":23,""hold"":20,""correct"":17,""wrong"":15,""reward"":{""min"":-0.25697914562682644,""max"":0.37934823708110715,""ratio"":1.4761829647919353}}"
2017-249-10,230.1,243,0.92941983925323,15.253972825348116,"{""long"":17,""short"":16,""hold"":19,""correct"":18,""wrong"":15,""reward"":{""min"":-0.25697914562682644,""max"":0.37934823708110715,""ratio"":1.4761829647919353}}"
