"File","Travis Job Id","Cycles","Wealth","Success","Decisions(JSON)"
2018-41-21,20711.1,1,0.15557080705102905,0.8134368589817068,"{""long"":0,""short"":1,""hold"":51,""correct"":1,""wrong"":0,""reward"":{""min"":-0.0005769230769230769,""max"":0.18499388397410618,""wrong"":-0.0294230769230769,""correct"":0.18499388397410618,""ratio"":320.65606555511744,""odds"":6.287373834414072}}"
